Routine,Line,GloRef,GloSet,GloKill,DirBlkRd,UpntBlkRd,BpntBlkRd,DataBlkRd,BdataBlkRd,MapBlkRd,OthBlkRd,DirBlkWt,UpntBlkWt,BpntBlkWt,DataBlkWt,BdataBlkWt,MapBlkWt,OthBlkWt,DirBlkBuf,UpntBlkBuf,BpntBlkBuf,DataBlkBuf,BdataBlkBuf,MapBlkBuf,OthBlkBuf,JrnEntry,BlkAlloc,NetGloRef,NetGloSet,NetGloKill,NetReqSent,NCacheHit,NCacheMiss,NetLock,RtnLine,RtnLoad,RtnFetch,LockCom,LockSucc,LockFail,TermRead,TermWrite,TermChRd,TermChWrt,SeqRead,SeqWrt,IJCMsgRd,IJCMsgWt,IJCNetMsg,Retransmit,BuffSent,Time,TotalTime,Code
Isc.JSONFiltering.DynObjSearchCriteria.1,1,0,0,0,0,0,0,0,0,0,0,0,0,0,0,0,0,0,0,0,0,0,0,0,0,0,0,0,0,0,0,0,0,0,0,0,0,0,0,0,0,0,0,0,0,0,0,0,0,0,0,0,0," ;Isc.JSONFiltering.DynObjSearchCriteria.1"
Isc.JSONFiltering.DynObjSearchCriteria.1,2,0,0,0,0,0,0,0,0,0,0,0,0,0,0,0,0,0,0,0,0,0,0,0,0,0,0,0,0,0,0,0,0,0,0,0,0,0,0,0,0,0,0,0,0,0,0,0,0,0,0,0,0," ;Generated for class Isc.JSONFiltering.DynObjSearchCriteria.  Do NOT edit. 04/09/2020 05:55:03PM"
Isc.JSONFiltering.DynObjSearchCriteria.1,3,206,0,0,0,0,0,0,0,0,0,0,0,0,0,0,0,0,0,0,0,208,0,0,0,0,0,0,0,0,0,0,0,0,0,0,0,0,0,0,0,0,0,0,0,0,0,0,0,0,0,0.000864,0.000864," ;;467A766D;Isc.JSONFiltering.DynObjSearchCriteria"
Isc.JSONFiltering.DynObjSearchCriteria.1,4,0,0,0,0,0,0,0,0,0,0,0,0,0,0,0,0,0,0,0,0,0,0,0,0,0,0,0,0,0,0,0,0,0,0,0,0,0,0,0,0,0,0,0,0,0,0,0,0,0,0,0,0," ;"
Isc.JSONFiltering.DynObjSearchCriteria.1,5,0,0,0,0,0,0,0,0,0,0,0,0,0,0,0,0,0,0,0,0,0,0,0,0,0,0,0,0,0,0,0,0,0,0,0,0,0,0,0,0,0,0,0,0,0,0,0,0,0,0,0,0,"%BindExport(dev,Seen,RegisterOref,AllowedDepth,AllowedCapacity) public {"
Isc.JSONFiltering.DynObjSearchCriteria.1,6,0,0,0,0,0,0,0,0,0,0,0,0,0,0,0,0,0,0,0,0,0,0,0,0,0,0,0,0,0,0,0,0,0,0,0,0,0,0,0,0,0,0,0,0,0,0,0,0,0,0,0,0,"   i $d(Seen(+$this)) q 1"
Isc.JSONFiltering.DynObjSearchCriteria.1,7,0,0,0,0,0,0,0,0,0,0,0,0,0,0,0,0,0,0,0,0,0,0,0,0,0,0,0,0,0,0,0,0,0,0,0,0,0,0,0,0,0,0,0,0,0,0,0,0,0,0,0,0,"   Set Seen(+$this)=$this"
Isc.JSONFiltering.DynObjSearchCriteria.1,8,0,0,0,0,0,0,0,0,0,0,0,0,0,0,0,0,0,0,0,0,0,0,0,0,0,0,0,0,0,0,0,0,0,0,0,0,0,0,0,0,0,0,0,0,0,0,0,0,0,0,0,0,"   s sc = 1"
Isc.JSONFiltering.DynObjSearchCriteria.1,9,0,0,0,0,0,0,0,0,0,0,0,0,0,0,0,0,0,0,0,0,0,0,0,0,0,0,0,0,0,0,0,0,0,0,0,0,0,0,0,0,0,0,0,0,0,0,0,0,0,0,0,0," s proporef=..inputJSON"
Isc.JSONFiltering.DynObjSearchCriteria.1,10,0,0,0,0,0,0,0,0,0,0,0,0,0,0,0,0,0,0,0,0,0,0,0,0,0,0,0,0,0,0,0,0,0,0,0,0,0,0,0,0,0,0,0,0,0,0,0,0,0,0,0,0," s proporef=..searchCriteria"
Isc.JSONFiltering.DynObjSearchCriteria.1,11,0,0,0,0,0,0,0,0,0,0,0,0,0,0,0,0,0,0,0,0,0,0,0,0,0,0,0,0,0,0,0,0,0,0,0,0,0,0,0,0,0,0,0,0,0,0,0,0,0,0,0,0,"   d:RegisterOref InitObjVar^%SYS.BINDSRV($this)"
Isc.JSONFiltering.DynObjSearchCriteria.1,12,0,0,0,0,0,0,0,0,0,0,0,0,0,0,0,0,0,0,0,0,0,0,0,0,0,0,0,0,0,0,0,0,0,0,0,0,0,0,0,0,0,0,0,0,0,0,0,0,0,0,0,0,"   i dev'="""" s t=$io u dev i $zobjexport($this_"""",3)+$zobjexport($this.""%%OID"",3)+$zobjexport($this,3)!1 u t"
Isc.JSONFiltering.DynObjSearchCriteria.1,13,0,0,0,0,0,0,0,0,0,0,0,0,0,0,0,0,0,0,0,0,0,0,0,0,0,0,0,0,0,0,0,0,0,0,0,0,0,0,0,0,0,0,0,0,0,0,0,0,0,0,0,0," If AllowedDepth>0 Set AllowedDepth = AllowedDepth - 1"
Isc.JSONFiltering.DynObjSearchCriteria.1,14,0,0,0,0,0,0,0,0,0,0,0,0,0,0,0,0,0,0,0,0,0,0,0,0,0,0,0,0,0,0,0,0,0,0,0,0,0,0,0,0,0,0,0,0,0,0,0,0,0,0,0,0," If AllowedCapacity>0 Set AllowedCapacity = AllowedCapacity - 1/2"
Isc.JSONFiltering.DynObjSearchCriteria.1,15,0,0,0,0,0,0,0,0,0,0,0,0,0,0,0,0,0,0,0,0,0,0,0,0,0,0,0,0,0,0,0,0,0,0,0,0,0,0,0,0,0,0,0,0,0,0,0,0,0,0,0,0," s proporef=..inputJSON"
Isc.JSONFiltering.DynObjSearchCriteria.1,16,0,0,0,0,0,0,0,0,0,0,0,0,0,0,0,0,0,0,0,0,0,0,0,0,0,0,0,0,0,0,0,0,0,0,0,0,0,0,0,0,0,0,0,0,0,0,0,0,0,0,0,0," s proporef=..searchCriteria"
Isc.JSONFiltering.DynObjSearchCriteria.1,17,0,0,0,0,0,0,0,0,0,0,0,0,0,0,0,0,0,0,0,0,0,0,0,0,0,0,0,0,0,0,0,0,0,0,0,0,0,0,0,0,0,0,0,0,0,0,0,0,0,0,0,0,"   Quit sc }"
Isc.JSONFiltering.DynObjSearchCriteria.1,18,0,0,0,0,0,0,0,0,0,0,0,0,0,0,0,0,0,0,0,0,0,0,0,0,0,0,0,0,0,0,0,0,0,0,0,0,0,0,0,0,0,0,0,0,0,0,0,0,0,0,0,0,"%Construct(inputJSON,searchCriteria) public {"
Isc.JSONFiltering.DynObjSearchCriteria.1,19,17,17,0,0,0,0,0,0,0,0,0,0,0,3,0,0,0,17,0,17,17,0,0,0,17,0,0,0,0,0,0,0,0,17,0,0,0,0,0,0,0,0,0,0,0,0,0,0,0,0,0.000369,0.000369," Set i%tempDBName=..#DOCDBNAME _ $Increment(^Isc.JSONFiltering.JSONFiltering)"
Isc.JSONFiltering.DynObjSearchCriteria.1,20,0,0,0,0,0,0,0,0,0,0,0,0,0,0,0,0,0,0,0,0,0,0,0,0,0,0,0,0,0,0,0,0,0,17,0,0,0,0,0,0,0,0,0,0,0,0,0,0,0,0,0.000055,0.000339," Quit ..%OnNew(.inputJSON,.searchCriteria) }"
Isc.JSONFiltering.DynObjSearchCriteria.1,21,0,0,0,0,0,0,0,0,0,0,0,0,0,0,0,0,0,0,0,0,0,0,0,0,0,0,0,0,0,0,0,0,0,0,0,0,0,0,0,0,0,0,0,0,0,0,0,0,0,0,0,0,"%ConstructCloneInit(object,deep=0,cloned,location) public {"
Isc.JSONFiltering.DynObjSearchCriteria.1,22,0,0,0,0,0,0,0,0,0,0,0,0,0,0,0,0,0,0,0,0,0,0,0,0,0,0,0,0,0,0,0,0,0,0,0,0,0,0,0,0,0,0,0,0,0,0,0,0,0,0,0,0," Set i%""%%OID""="""""
Isc.JSONFiltering.DynObjSearchCriteria.1,23,0,0,0,0,0,0,0,0,0,0,0,0,0,0,0,0,0,0,0,0,0,0,0,0,0,0,0,0,0,0,0,0,0,0,0,0,0,0,0,0,0,0,0,0,0,0,0,0,0,0,0,0," If deep>0 {"
Isc.JSONFiltering.DynObjSearchCriteria.1,24,0,0,0,0,0,0,0,0,0,0,0,0,0,0,0,0,0,0,0,0,0,0,0,0,0,0,0,0,0,0,0,0,0,0,0,0,0,0,0,0,0,0,0,0,0,0,0,0,0,0,0,0," 	If $isobject(..db)=1 Set r%db=r%db.%ConstructClone(1,.cloned),i%db="""""
Isc.JSONFiltering.DynObjSearchCriteria.1,25,0,0,0,0,0,0,0,0,0,0,0,0,0,0,0,0,0,0,0,0,0,0,0,0,0,0,0,0,0,0,0,0,0,0,0,0,0,0,0,0,0,0,0,0,0,0,0,0,0,0,0,0," 	If $isobject(i%inputJSON)=1 Set i%inputJSON=i%inputJSON.%ConstructClone(1,.cloned),i%inputJSON="""""
Isc.JSONFiltering.DynObjSearchCriteria.1,26,0,0,0,0,0,0,0,0,0,0,0,0,0,0,0,0,0,0,0,0,0,0,0,0,0,0,0,0,0,0,0,0,0,0,0,0,0,0,0,0,0,0,0,0,0,0,0,0,0,0,0,0," 	If $isobject(i%searchCriteria)=1 Set i%searchCriteria=i%searchCriteria.%ConstructClone(1,.cloned),i%searchCriteria="""""
Isc.JSONFiltering.DynObjSearchCriteria.1,27,0,0,0,0,0,0,0,0,0,0,0,0,0,0,0,0,0,0,0,0,0,0,0,0,0,0,0,0,0,0,0,0,0,0,0,0,0,0,0,0,0,0,0,0,0,0,0,0,0,0,0,0," }"
Isc.JSONFiltering.DynObjSearchCriteria.1,28,0,0,0,0,0,0,0,0,0,0,0,0,0,0,0,0,0,0,0,0,0,0,0,0,0,0,0,0,0,0,0,0,0,0,0,0,0,0,0,0,0,0,0,0,0,0,0,0,0,0,0,0," Quit 1 }"
Isc.JSONFiltering.DynObjSearchCriteria.1,29,0,0,0,0,0,0,0,0,0,0,0,0,0,0,0,0,0,0,0,0,0,0,0,0,0,0,0,0,0,0,0,0,0,0,0,0,0,0,0,0,0,0,0,0,0,0,0,0,0,0,0,0,"%NormalizeObject() public {"
Isc.JSONFiltering.DynObjSearchCriteria.1,30,0,0,0,0,0,0,0,0,0,0,0,0,0,0,0,0,0,0,0,0,0,0,0,0,0,0,0,0,0,0,0,0,0,0,0,0,0,0,0,0,0,0,0,0,0,0,0,0,0,0,0,0," If '$system.CLS.GetModified() Quit 1"
Isc.JSONFiltering.DynObjSearchCriteria.1,31,0,0,0,0,0,0,0,0,0,0,0,0,0,0,0,0,0,0,0,0,0,0,0,0,0,0,0,0,0,0,0,0,0,0,0,0,0,0,0,0,0,0,0,0,0,0,0,0,0,0,0,0," If m%tempDBName Set:i%tempDBName'="""" i%tempDBName=(..tempDBNameNormalize(i%tempDBName))"
Isc.JSONFiltering.DynObjSearchCriteria.1,32,0,0,0,0,0,0,0,0,0,0,0,0,0,0,0,0,0,0,0,0,0,0,0,0,0,0,0,0,0,0,0,0,0,0,0,0,0,0,0,0,0,0,0,0,0,0,0,0,0,0,0,0," Quit 1 }"
Isc.JSONFiltering.DynObjSearchCriteria.1,33,0,0,0,0,0,0,0,0,0,0,0,0,0,0,0,0,0,0,0,0,0,0,0,0,0,0,0,0,0,0,0,0,0,0,0,0,0,0,0,0,0,0,0,0,0,0,0,0,0,0,0,0,"%OnNew(inputJSON,searchCriteria) public {"
Isc.JSONFiltering.DynObjSearchCriteria.1,34,0,0,0,0,0,0,0,0,0,0,0,0,0,0,0,0,0,0,0,0,0,0,0,0,0,0,0,0,0,0,0,0,0,17,0,0,0,0,0,0,0,0,0,0,0,0,0,0,0,0,0.000061,0.000061,"    Set ..inputJSON = inputJSON"
Isc.JSONFiltering.DynObjSearchCriteria.1,35,0,0,0,0,0,0,0,0,0,0,0,0,0,0,0,0,0,0,0,0,0,0,0,0,0,0,0,0,0,0,0,0,0,17,0,0,0,0,0,0,0,0,0,0,0,0,0,0,0,0,0.000022,0.000022,"    Set ..searchCriteria = searchCriteria"
Isc.JSONFiltering.DynObjSearchCriteria.1,36,0,0,0,0,0,0,0,0,0,0,0,0,0,0,0,0,0,0,0,0,0,0,0,0,0,0,0,0,0,0,0,0,0,17,34,0,0,0,0,0,0,0,0,0,0,0,0,0,0,0,0.000055,0.000202,"    If (searchCriteria.%Size() > 0) && ('$Isobject(searchCriteria.%Get(0))) {"
Isc.JSONFiltering.DynObjSearchCriteria.1,37,0,0,0,0,0,0,0,0,0,0,0,0,0,0,0,0,0,0,0,0,0,0,0,0,0,0,0,0,0,0,0,0,0,0,0,0,0,0,0,0,0,0,0,0,0,0,0,0,0,0,0,0,"        Set ..searchCriteria = [].%Push(searchCriteria)"
Isc.JSONFiltering.DynObjSearchCriteria.1,38,0,0,0,0,0,0,0,0,0,0,0,0,0,0,0,0,0,0,0,0,0,0,0,0,0,0,0,0,0,0,0,0,0,0,0,0,0,0,0,0,0,0,0,0,0,0,0,0,0,0,0,0,"    }"
Isc.JSONFiltering.DynObjSearchCriteria.1,39,0,0,0,0,0,0,0,0,0,0,0,0,0,0,0,0,0,0,0,0,0,0,0,0,0,0,0,0,0,0,0,0,0,17,0,0,0,0,0,0,0,0,0,0,0,0,0,0,0,0,0.000015,0.000015,"    Return 1 }"
Isc.JSONFiltering.DynObjSearchCriteria.1,40,0,0,0,0,0,0,0,0,0,0,0,0,0,0,0,0,0,0,0,0,0,0,0,0,0,0,0,0,0,0,0,0,0,0,0,0,0,0,0,0,0,0,0,0,0,0,0,0,0,0,0,0,"%SerializeObject(serial,partial=0) public {"
Isc.JSONFiltering.DynObjSearchCriteria.1,41,0,0,0,0,0,0,0,0,0,0,0,0,0,0,0,0,0,0,0,0,0,0,0,0,0,0,0,0,0,0,0,0,0,0,0,0,0,0,0,0,0,0,0,0,0,0,0,0,0,0,0,0," try {"
Isc.JSONFiltering.DynObjSearchCriteria.1,42,0,0,0,0,0,0,0,0,0,0,0,0,0,0,0,0,0,0,0,0,0,0,0,0,0,0,0,0,0,0,0,0,0,0,0,0,0,0,0,0,0,0,0,0,0,0,0,0,0,0,0,0," 	Set sc=..%ValidateObject(,0) Throw:('sc) ##class(%Exception.StatusException).ThrowIfInterrupt(sc)"
Isc.JSONFiltering.DynObjSearchCriteria.1,43,0,0,0,0,0,0,0,0,0,0,0,0,0,0,0,0,0,0,0,0,0,0,0,0,0,0,0,0,0,0,0,0,0,0,0,0,0,0,0,0,0,0,0,0,0,0,0,0,0,0,0,0," 	Set sc=..%NormalizeObject() Throw:('sc) ##class(%Exception.StatusException).ThrowIfInterrupt(sc)"
Isc.JSONFiltering.DynObjSearchCriteria.1,44,0,0,0,0,0,0,0,0,0,0,0,0,0,0,0,0,0,0,0,0,0,0,0,0,0,0,0,0,0,0,0,0,0,0,0,0,0,0,0,0,0,0,0,0,0,0,0,0,0,0,0,0," 	If r%db'="""" { Set:'$data(%objTX(0,+r%db)) %objTX(0,+r%db)=$i(%objTX(1)),%objTX(1,%objTX(0,+r%db))=r%db,%objTX(1,%objTX(0,+r%db),1)=..dbGetObject(1),%objTX(1,%objTX(0,+r%db),6)=1 Set M%db=1,i%db=$listget(%objTX(1,%objTX(0,+r%db),1)) }"
Isc.JSONFiltering.DynObjSearchCriteria.1,45,0,0,0,0,0,0,0,0,0,0,0,0,0,0,0,0,0,0,0,0,0,0,0,0,0,0,0,0,0,0,0,0,0,0,0,0,0,0,0,0,0,0,0,0,0,0,0,0,0,0,0,0," 	set sc=1"
Isc.JSONFiltering.DynObjSearchCriteria.1,46,0,0,0,0,0,0,0,0,0,0,0,0,0,0,0,0,0,0,0,0,0,0,0,0,0,0,0,0,0,0,0,0,0,0,0,0,0,0,0,0,0,0,0,0,0,0,0,0,0,0,0,0," }"
Isc.JSONFiltering.DynObjSearchCriteria.1,47,0,0,0,0,0,0,0,0,0,0,0,0,0,0,0,0,0,0,0,0,0,0,0,0,0,0,0,0,0,0,0,0,0,0,0,0,0,0,0,0,0,0,0,0,0,0,0,0,0,0,0,0," catch tException {"
Isc.JSONFiltering.DynObjSearchCriteria.1,48,0,0,0,0,0,0,0,0,0,0,0,0,0,0,0,0,0,0,0,0,0,0,0,0,0,0,0,0,0,0,0,0,0,0,0,0,0,0,0,0,0,0,0,0,0,0,0,0,0,0,0,0," 	set sc = tException.AsStatus()"
Isc.JSONFiltering.DynObjSearchCriteria.1,49,0,0,0,0,0,0,0,0,0,0,0,0,0,0,0,0,0,0,0,0,0,0,0,0,0,0,0,0,0,0,0,0,0,0,0,0,0,0,0,0,0,0,0,0,0,0,0,0,0,0,0,0," }"
Isc.JSONFiltering.DynObjSearchCriteria.1,50,0,0,0,0,0,0,0,0,0,0,0,0,0,0,0,0,0,0,0,0,0,0,0,0,0,0,0,0,0,0,0,0,0,0,0,0,0,0,0,0,0,0,0,0,0,0,0,0,0,0,0,0," Quit sc }"
Isc.JSONFiltering.DynObjSearchCriteria.1,51,0,0,0,0,0,0,0,0,0,0,0,0,0,0,0,0,0,0,0,0,0,0,0,0,0,0,0,0,0,0,0,0,0,0,0,0,0,0,0,0,0,0,0,0,0,0,0,0,0,0,0,0,"%AddToSaveSet(depth=3,refresh=0) public {"
Isc.JSONFiltering.DynObjSearchCriteria.1,52,0,0,0,0,0,0,0,0,0,0,0,0,0,0,0,0,0,0,0,0,0,0,0,0,0,0,0,0,0,0,0,0,0,0,0,0,0,0,0,0,0,0,0,0,0,0,0,0,0,0,0,0," If $data(%objTX(0,+$this)) && ('refresh) Quit 1"
Isc.JSONFiltering.DynObjSearchCriteria.1,53,0,0,0,0,0,0,0,0,0,0,0,0,0,0,0,0,0,0,0,0,0,0,0,0,0,0,0,0,0,0,0,0,0,0,0,0,0,0,0,0,0,0,0,0,0,0,0,0,0,0,0,0," Set sc=1,intOref=+$this"
Isc.JSONFiltering.DynObjSearchCriteria.1,54,0,0,0,0,0,0,0,0,0,0,0,0,0,0,0,0,0,0,0,0,0,0,0,0,0,0,0,0,0,0,0,0,0,0,0,0,0,0,0,0,0,0,0,0,0,0,0,0,0,0,0,0," If refresh,$data(%objTX(0,intOref),index) Set intPoref="""" For  Set intPoref=$order(%objTX(1,index,2,intPoref)) Quit:intPoref=""""  Kill %objTX(1,%objTX(0,intPoref),3,index),%objTX(1,index,2,%objTX(0,intPoref))"
Isc.JSONFiltering.DynObjSearchCriteria.1,55,0,0,0,0,0,0,0,0,0,0,0,0,0,0,0,0,0,0,0,0,0,0,0,0,0,0,0,0,0,0,0,0,0,0,0,0,0,0,0,0,0,0,0,0,0,0,0,0,0,0,0,0," Set %objTX(0,intOref)=$i(%objTX(1)),%objTX(1,%objTX(1))=$this,%objTX(1,%objTX(1),1)=-1"
Isc.JSONFiltering.DynObjSearchCriteria.1,56,0,0,0,0,0,0,0,0,0,0,0,0,0,0,0,0,0,0,0,0,0,0,0,0,0,0,0,0,0,0,0,0,0,0,0,0,0,0,0,0,0,0,0,0,0,0,0,0,0,0,0,0," Set Poref=r%db If Poref'="""",'$data(%objTX(0,+Poref)) Set %objTX(6,$i(%objTX(6)))=Poref"
Isc.JSONFiltering.DynObjSearchCriteria.1,57,0,0,0,0,0,0,0,0,0,0,0,0,0,0,0,0,0,0,0,0,0,0,0,0,0,0,0,0,0,0,0,0,0,0,0,0,0,0,0,0,0,0,0,0,0,0,0,0,0,0,0,0,"exit Quit sc }"
Isc.JSONFiltering.DynObjSearchCriteria.1,58,0,0,0,0,0,0,0,0,0,0,0,0,0,0,0,0,0,0,0,0,0,0,0,0,0,0,0,0,0,0,0,0,0,0,0,0,0,0,0,0,0,0,0,0,0,0,0,0,0,0,0,0,"%ValidateObject(force=0,checkserial=1) public {"
Isc.JSONFiltering.DynObjSearchCriteria.1,59,0,0,0,0,0,0,0,0,0,0,0,0,0,0,0,0,0,0,0,0,0,0,0,0,0,0,0,0,0,0,0,0,0,0,0,0,0,0,0,0,0,0,0,0,0,0,0,0,0,0,0,0," set sc=1"
Isc.JSONFiltering.DynObjSearchCriteria.1,60,0,0,0,0,0,0,0,0,0,0,0,0,0,0,0,0,0,0,0,0,0,0,0,0,0,0,0,0,0,0,0,0,0,0,0,0,0,0,0,0,0,0,0,0,0,0,0,0,0,0,0,0," If '$system.CLS.GetModified() Quit sc"
Isc.JSONFiltering.DynObjSearchCriteria.1,61,0,0,0,0,0,0,0,0,0,0,0,0,0,0,0,0,0,0,0,0,0,0,0,0,0,0,0,0,0,0,0,0,0,0,0,0,0,0,0,0,0,0,0,0,0,0,0,0,0,0,0,0," If m%tempDBName Set iv=..tempDBName If iv'="""" Set rc=(..tempDBNameIsValid(iv)) If ('rc) Set sc=$$EmbedErr^%occSystem(sc,rc,5802,""tempDBName"",iv)"
Isc.JSONFiltering.DynObjSearchCriteria.1,62,0,0,0,0,0,0,0,0,0,0,0,0,0,0,0,0,0,0,0,0,0,0,0,0,0,0,0,0,0,0,0,0,0,0,0,0,0,0,0,0,0,0,0,0,0,0,0,0,0,0,0,0," Quit sc }"
Isc.JSONFiltering.DynObjSearchCriteria.1,63,0,0,0,0,0,0,0,0,0,0,0,0,0,0,0,0,0,0,0,0,0,0,0,0,0,0,0,0,0,0,0,0,0,0,0,0,0,0,0,0,0,0,0,0,0,0,0,0,0,0,0,0,"zcmSearchCriteria(inputJSON,searchCriteria) public {"
Isc.JSONFiltering.DynObjSearchCriteria.1,64,0,0,0,0,0,0,0,0,0,0,0,0,0,0,0,0,0,0,0,0,0,0,0,0,0,0,0,0,0,0,0,0,0,17,17,0,0,0,0,0,0,0,0,0,0,0,0,0,0,0,0.000078,0.000173,"    Return:inputJSON.%Size()=0 inputJSON"
Isc.JSONFiltering.DynObjSearchCriteria.1,65,0,0,0,0,0,0,0,0,0,0,0,0,0,0,0,0,0,0,0,0,0,0,0,0,0,0,0,0,0,0,0,0,0,17,0,0,0,0,0,0,0,0,0,0,0,0,0,0,0,0,0.000060,0.000768,"    Set dynObjSearching = ..%New(inputJSON,searchCriteria)"
Isc.JSONFiltering.DynObjSearchCriteria.1,66,0,0,0,0,0,0,0,0,0,0,0,0,0,0,0,0,0,0,0,0,0,0,0,0,0,0,0,0,0,0,0,0,0,17,0,0,0,0,0,0,0,0,0,0,0,0,0,0,0,0,0.000076,7.891964,"    Return dynObjSearching.search() }"
Isc.JSONFiltering.DynObjSearchCriteria.1,67,0,0,0,0,0,0,0,0,0,0,0,0,0,0,0,0,0,0,0,0,0,0,0,0,0,0,0,0,0,0,0,0,0,0,0,0,0,0,0,0,0,0,0,0,0,0,0,0,0,0,0,0,"zcreateProperties() public {"
Isc.JSONFiltering.DynObjSearchCriteria.1,68,0,0,0,0,0,0,0,0,0,0,0,0,0,0,0,0,0,0,0,0,0,0,0,0,0,0,0,0,0,0,0,0,0,17,17,0,0,0,0,0,0,0,0,0,0,0,0,0,0,0,0.000080,0.000253,"    Set iter = ..searchCriteria.%GetIterator()"
Isc.JSONFiltering.DynObjSearchCriteria.1,69,0,0,0,0,0,0,0,0,0,0,0,0,0,0,0,0,0,0,0,0,0,0,0,0,0,0,0,0,0,0,0,0,0,17,17,0,0,0,0,0,0,0,0,0,0,0,0,0,0,0,0.000030,0.000214,"    While iter.%GetNext(.key , .nestedTab ) {"
Isc.JSONFiltering.DynObjSearchCriteria.1,70,0,0,0,0,0,0,0,0,0,0,0,0,0,0,0,0,0,0,0,0,0,0,0,0,0,0,0,0,0,0,0,0,0,17,17,0,0,0,0,0,0,0,0,0,0,0,0,0,0,0,0.000024,0.000087,"        Set property = nestedTab.%Get(0)"
Isc.JSONFiltering.DynObjSearchCriteria.1,71,0,0,0,0,0,0,0,0,0,0,0,0,0,0,0,0,0,0,0,0,0,0,0,0,0,0,0,0,0,0,0,0,0,17,0,0,0,0,0,0,0,0,0,0,0,0,0,0,0,0,0.000018,0.000337,"        Set type = ..getType(property)"
Isc.JSONFiltering.DynObjSearchCriteria.1,72,0,0,0,0,0,0,0,0,0,0,0,0,0,0,0,0,0,0,0,0,0,0,0,0,0,0,0,0,0,0,0,0,0,17,0,0,0,0,0,0,0,0,0,0,0,0,0,0,0,0,0.000018,0.000059,"        Set expression = ..getExpression(property)"
Isc.JSONFiltering.DynObjSearchCriteria.1,73,136,0,0,0,0,0,0,0,0,0,0,0,0,0,0,0,0,17,0,34,136,0,0,0,0,0,0,0,0,0,0,0,0,17,17,0,0,0,0,0,0,0,0,0,0,0,0,0,0,0,0.000584,3.579916,"        Do ..db.%CreateProperty(property, type , expression, 0)"
Isc.JSONFiltering.DynObjSearchCriteria.1,74,0,0,0,0,0,0,0,0,0,0,0,0,0,0,0,0,0,0,0,0,0,0,0,0,0,0,0,0,0,0,0,0,0,34,34,0,0,0,0,0,0,0,0,0,0,0,0,0,0,0,0.000051,0.000051,"    }"
Isc.JSONFiltering.DynObjSearchCriteria.1,75,0,0,0,0,0,0,0,0,0,0,0,0,0,0,0,0,0,0,0,0,0,0,0,0,0,0,0,0,0,0,0,0,0,17,0,0,0,0,0,0,0,0,0,0,0,0,0,0,0,0,0.000027,0.000027,"    Return }"
Isc.JSONFiltering.DynObjSearchCriteria.1,76,0,0,0,0,0,0,0,0,0,0,0,0,0,0,0,0,0,0,0,0,0,0,0,0,0,0,0,0,0,0,0,0,0,0,0,0,0,0,0,0,0,0,0,0,0,0,0,0,0,0,0,0,"zdeleteDocDB() public {"
Isc.JSONFiltering.DynObjSearchCriteria.1,77,0,0,0,0,0,0,0,0,0,0,0,0,0,0,0,0,0,0,0,0,0,0,0,0,0,0,0,0,0,0,0,0,0,17,17,0,0,0,0,0,0,0,0,0,0,0,0,0,0,0,0.000080,0.089393,"    Return ##class(%DocDB.Database).%DropDatabase(..tempDBName)"
Isc.JSONFiltering.DynObjSearchCriteria.1,78,0,0,0,0,0,0,0,0,0,0,0,0,0,0,0,0,0,0,0,0,0,0,0,0,0,0,0,0,0,0,0,0,0,0,0,0,0,0,0,0,0,0,0,0,0,0,0,0,0,0,0,0,"}"
Isc.JSONFiltering.DynObjSearchCriteria.1,79,0,0,0,0,0,0,0,0,0,0,0,0,0,0,0,0,0,0,0,0,0,0,0,0,0,0,0,0,0,0,0,0,0,0,0,0,0,0,0,0,0,0,0,0,0,0,0,0,0,0,0,0,"zfillDocDB() public {"
Isc.JSONFiltering.DynObjSearchCriteria.1,80,0,0,0,0,0,0,0,0,0,0,0,0,0,0,0,0,0,0,0,0,0,0,0,0,0,0,0,0,0,0,0,0,0,17,17,0,0,0,0,0,0,0,0,0,0,0,0,0,0,0,0.000046,0.000172,"    Set iter = ..inputJSON.%GetIterator()"
Isc.JSONFiltering.DynObjSearchCriteria.1,81,0,0,0,0,0,0,0,0,0,0,0,0,0,0,0,0,0,0,0,0,0,0,0,0,0,0,0,0,0,0,0,0,0,17,17,0,0,0,0,0,0,0,0,0,0,0,0,0,0,0,0.000057,0.000536,"    While iter.%GetNext(.key , .document ) {"
Isc.JSONFiltering.DynObjSearchCriteria.1,82,0,0,0,0,0,0,0,0,0,0,0,0,0,0,0,0,0,0,0,0,0,0,0,0,0,0,0,0,0,0,0,0,0,119,119,0,0,0,0,0,0,0,0,0,0,0,0,0,0,0,0.000285,0.021027,"        Do ..db.%SaveDocument(document)"
Isc.JSONFiltering.DynObjSearchCriteria.1,83,0,0,0,0,0,0,0,0,0,0,0,0,0,0,0,0,0,0,0,0,0,0,0,0,0,0,0,0,0,0,0,0,0,238,238,0,0,0,0,0,0,0,0,0,0,0,0,0,0,0,0.000193,0.000193,"    }"
Isc.JSONFiltering.DynObjSearchCriteria.1,84,0,0,0,0,0,0,0,0,0,0,0,0,0,0,0,0,0,0,0,0,0,0,0,0,0,0,0,0,0,0,0,0,0,17,0,0,0,0,0,0,0,0,0,0,0,0,0,0,0,0,0.000020,0.000020,"    Return }"
Isc.JSONFiltering.DynObjSearchCriteria.1,85,0,0,0,0,0,0,0,0,0,0,0,0,0,0,0,0,0,0,0,0,0,0,0,0,0,0,0,0,0,0,0,0,0,0,0,0,0,0,0,0,0,0,0,0,0,0,0,0,0,0,0,0,"zgenerateDocDB() public {"
Isc.JSONFiltering.DynObjSearchCriteria.1,86,102,0,0,0,0,0,0,0,0,0,0,0,0,0,0,0,0,17,0,34,102,0,0,0,0,0,0,0,0,0,0,0,0,17,17,0,0,0,0,0,0,0,0,0,0,0,0,0,0,0,0.000535,2.786965,"   Set ..db = ##class(%DocDB.Database).%CreateDatabase(..tempDBName)"
Isc.JSONFiltering.DynObjSearchCriteria.1,87,0,0,0,0,0,0,0,0,0,0,0,0,0,0,0,0,0,0,0,0,0,0,0,0,0,0,0,0,0,0,0,0,0,17,0,0,0,0,0,0,0,0,0,0,0,0,0,0,0,0,0.000029,3.580525,"   Do ..createProperties()"
Isc.JSONFiltering.DynObjSearchCriteria.1,88,0,0,0,0,0,0,0,0,0,0,0,0,0,0,0,0,0,0,0,0,0,0,0,0,0,0,0,0,0,0,0,0,0,17,0,0,0,0,0,0,0,0,0,0,0,0,0,0,0,0,0.000018,0.000018,"   Return ..db }"
Isc.JSONFiltering.DynObjSearchCriteria.1,89,0,0,0,0,0,0,0,0,0,0,0,0,0,0,0,0,0,0,0,0,0,0,0,0,0,0,0,0,0,0,0,0,0,0,0,0,0,0,0,0,0,0,0,0,0,0,0,0,0,0,0,0,"zgetDocDB() public {"
Isc.JSONFiltering.DynObjSearchCriteria.1,90,0,0,0,0,0,0,0,0,0,0,0,0,0,0,0,0,0,0,0,0,0,0,0,0,0,0,0,0,0,0,0,0,0,0,0,0,0,0,0,0,0,0,0,0,0,0,0,0,0,0,0,0,"    Return ##class(%DocDB.Database).%GetDatabase(..tempDBName)"
Isc.JSONFiltering.DynObjSearchCriteria.1,91,0,0,0,0,0,0,0,0,0,0,0,0,0,0,0,0,0,0,0,0,0,0,0,0,0,0,0,0,0,0,0,0,0,0,0,0,0,0,0,0,0,0,0,0,0,0,0,0,0,0,0,0,"}"
Isc.JSONFiltering.DynObjSearchCriteria.1,92,0,0,0,0,0,0,0,0,0,0,0,0,0,0,0,0,0,0,0,0,0,0,0,0,0,0,0,0,0,0,0,0,0,0,0,0,0,0,0,0,0,0,0,0,0,0,0,0,0,0,0,0,"zgetExpression(property) public {"
Isc.JSONFiltering.DynObjSearchCriteria.1,93,0,0,0,0,0,0,0,0,0,0,0,0,0,0,0,0,0,0,0,0,0,0,0,0,0,0,0,0,0,0,0,0,0,17,0,0,0,0,0,0,0,0,0,0,0,0,0,0,0,0,0.000041,0.000041,"    Return ""$."" _ $Replace(property,..#OBJSEPARATOR,""."")"
Isc.JSONFiltering.DynObjSearchCriteria.1,94,0,0,0,0,0,0,0,0,0,0,0,0,0,0,0,0,0,0,0,0,0,0,0,0,0,0,0,0,0,0,0,0,0,0,0,0,0,0,0,0,0,0,0,0,0,0,0,0,0,0,0,0,"}"
Isc.JSONFiltering.DynObjSearchCriteria.1,95,0,0,0,0,0,0,0,0,0,0,0,0,0,0,0,0,0,0,0,0,0,0,0,0,0,0,0,0,0,0,0,0,0,0,0,0,0,0,0,0,0,0,0,0,0,0,0,0,0,0,0,0,"zgetType(property) public {"
Isc.JSONFiltering.DynObjSearchCriteria.1,96,0,0,0,0,0,0,0,0,0,0,0,0,0,0,0,0,0,0,0,0,0,0,0,0,0,0,0,0,0,0,0,0,0,17,17,0,0,0,0,0,0,0,0,0,0,0,0,0,0,0,0.000045,0.000122,"    Set item = ..inputJSON.%Get(0)"
Isc.JSONFiltering.DynObjSearchCriteria.1,97,0,0,0,0,0,0,0,0,0,0,0,0,0,0,0,0,0,0,0,0,0,0,0,0,0,0,0,0,0,0,0,0,0,17,0,0,0,0,0,0,0,0,0,0,0,0,0,0,0,0,0.000013,0.000013,"    If property '[ ..#OBJSEPARATOR {"
Isc.JSONFiltering.DynObjSearchCriteria.1,98,0,0,0,0,0,0,0,0,0,0,0,0,0,0,0,0,0,0,0,0,0,0,0,0,0,0,0,0,0,0,0,0,0,17,17,0,0,0,0,0,0,0,0,0,0,0,0,0,0,0,0.000036,0.000165,"        Set type = item.%GetTypeOf(property)"
Isc.JSONFiltering.DynObjSearchCriteria.1,99,0,0,0,0,0,0,0,0,0,0,0,0,0,0,0,0,0,0,0,0,0,0,0,0,0,0,0,0,0,0,0,0,0,17,0,0,0,0,0,0,0,0,0,0,0,0,0,0,0,0,0.000003,0.000003,"    } Else {"
Isc.JSONFiltering.DynObjSearchCriteria.1,100,0,0,0,0,0,0,0,0,0,0,0,0,0,0,0,0,0,0,0,0,0,0,0,0,0,0,0,0,0,0,0,0,0,0,0,0,0,0,0,0,0,0,0,0,0,0,0,0,0,0,0,0,"        Set tmpList = $Listfromstring(property,..#OBJSEPARATOR), ptr = 0"
Isc.JSONFiltering.DynObjSearchCriteria.1,101,0,0,0,0,0,0,0,0,0,0,0,0,0,0,0,0,0,0,0,0,0,0,0,0,0,0,0,0,0,0,0,0,0,0,0,0,0,0,0,0,0,0,0,0,0,0,0,0,0,0,0,0,"        While $Listnext(tmpList,ptr,key) {"
Isc.JSONFiltering.DynObjSearchCriteria.1,102,0,0,0,0,0,0,0,0,0,0,0,0,0,0,0,0,0,0,0,0,0,0,0,0,0,0,0,0,0,0,0,0,0,0,0,0,0,0,0,0,0,0,0,0,0,0,0,0,0,0,0,0,"            Set temp = $Property(item,key)"
Isc.JSONFiltering.DynObjSearchCriteria.1,103,0,0,0,0,0,0,0,0,0,0,0,0,0,0,0,0,0,0,0,0,0,0,0,0,0,0,0,0,0,0,0,0,0,0,0,0,0,0,0,0,0,0,0,0,0,0,0,0,0,0,0,0,"        }"
Isc.JSONFiltering.DynObjSearchCriteria.1,104,0,0,0,0,0,0,0,0,0,0,0,0,0,0,0,0,0,0,0,0,0,0,0,0,0,0,0,0,0,0,0,0,0,0,0,0,0,0,0,0,0,0,0,0,0,0,0,0,0,0,0,0,"        Set type = item.%GetTypeOf(temp)"
Isc.JSONFiltering.DynObjSearchCriteria.1,105,0,0,0,0,0,0,0,0,0,0,0,0,0,0,0,0,0,0,0,0,0,0,0,0,0,0,0,0,0,0,0,0,0,0,0,0,0,0,0,0,0,0,0,0,0,0,0,0,0,0,0,0,"    }"
Isc.JSONFiltering.DynObjSearchCriteria.1,106,0,0,0,0,0,0,0,0,0,0,0,0,0,0,0,0,0,0,0,0,0,0,0,0,0,0,0,0,0,0,0,0,0,17,0,0,0,0,0,0,0,0,0,0,0,0,0,0,0,0,0.000009,0.000009,"    Return:type=""number"" ""%Numeric"""
Isc.JSONFiltering.DynObjSearchCriteria.1,107,0,0,0,0,0,0,0,0,0,0,0,0,0,0,0,0,0,0,0,0,0,0,0,0,0,0,0,0,0,0,0,0,0,17,0,0,0,0,0,0,0,0,0,0,0,0,0,0,0,0,0.000005,0.000005,"    Return:type=""boolean"" ""%Boolean"""
Isc.JSONFiltering.DynObjSearchCriteria.1,108,0,0,0,0,0,0,0,0,0,0,0,0,0,0,0,0,0,0,0,0,0,0,0,0,0,0,0,0,0,0,0,0,0,17,0,0,0,0,0,0,0,0,0,0,0,0,0,0,0,0,0.000017,0.000017,"    Return ""%String"" }"
Isc.JSONFiltering.DynObjSearchCriteria.1,109,0,0,0,0,0,0,0,0,0,0,0,0,0,0,0,0,0,0,0,0,0,0,0,0,0,0,0,0,0,0,0,0,0,0,0,0,0,0,0,0,0,0,0,0,0,0,0,0,0,0,0,0,"zsearch() public {"
Isc.JSONFiltering.DynObjSearchCriteria.1,110,0,0,0,0,0,0,0,0,0,0,0,0,0,0,0,0,0,0,0,0,0,0,0,0,0,0,0,0,0,0,0,0,0,17,0,0,0,0,0,0,0,0,0,0,0,0,0,0,0,0,0.000068,0.000068,"    Set resultArray = []"
Isc.JSONFiltering.DynObjSearchCriteria.1,111,0,0,0,0,0,0,0,0,0,0,0,0,0,0,0,0,0,0,0,0,0,0,0,0,0,0,0,0,0,0,0,0,0,0,0,0,0,0,0,0,0,0,0,0,0,0,0,0,0,0,0,0,"    Try {"
Isc.JSONFiltering.DynObjSearchCriteria.1,112,0,0,0,0,0,0,0,0,0,0,0,0,0,0,0,0,0,0,0,0,0,0,0,0,0,0,0,0,0,0,0,0,0,17,0,0,0,0,0,0,0,0,0,0,0,0,0,0,0,0,0.000026,6.367113,"        Do ..generateDocDB()"
Isc.JSONFiltering.DynObjSearchCriteria.1,113,0,0,0,0,0,0,0,0,0,0,0,0,0,0,0,0,0,0,0,0,0,0,0,0,0,0,0,0,0,0,0,0,0,17,0,0,0,0,0,0,0,0,0,0,0,0,0,0,0,0,0.000037,0.021880,"        Do ..fillDocDB()"
Isc.JSONFiltering.DynObjSearchCriteria.1,114,0,0,0,0,0,0,0,0,0,0,0,0,0,0,0,0,0,0,0,0,0,0,0,0,0,0,0,0,0,0,0,0,0,17,17,0,0,0,0,0,0,0,0,0,0,0,0,0,0,0,0.000235,1.412172,"        Set result = ..db.%FindDocuments(..searchCriteria)"
Isc.JSONFiltering.DynObjSearchCriteria.1,115,0,0,0,0,0,0,0,0,0,0,0,0,0,0,0,0,0,0,0,0,0,0,0,0,0,0,0,0,0,0,0,0,0,85,68,0,0,0,0,0,0,0,0,0,0,0,0,0,0,0,0.000086,0.000086,"        If (result.sqlcode'=100) && (result.sqlcode'=0) {"
Isc.JSONFiltering.DynObjSearchCriteria.1,116,0,0,0,0,0,0,0,0,0,0,0,0,0,0,0,0,0,0,0,0,0,0,0,0,0,0,0,0,0,0,0,0,0,0,0,0,0,0,0,0,0,0,0,0,0,0,0,0,0,0,0,0,"            Throw ##class(%Exception.StatusException).ThrowIfInterrupt($$Error^%apiOBJ(5521, result.sqlcode, result.message))"
Isc.JSONFiltering.DynObjSearchCriteria.1,117,0,0,0,0,0,0,0,0,0,0,0,0,0,0,0,0,0,0,0,0,0,0,0,0,0,0,0,0,0,0,0,0,0,0,0,0,0,0,0,0,0,0,0,0,0,0,0,0,0,0,0,0,"        }"
Isc.JSONFiltering.DynObjSearchCriteria.1,118,0,0,0,0,0,0,0,0,0,0,0,0,0,0,0,0,0,0,0,0,0,0,0,0,0,0,0,0,0,0,0,0,0,17,17,0,0,0,0,0,0,0,0,0,0,0,0,0,0,0,0.000025,0.000144,"        Set iter = result.content.%GetIterator()"
Isc.JSONFiltering.DynObjSearchCriteria.1,119,0,0,0,0,0,0,0,0,0,0,0,0,0,0,0,0,0,0,0,0,0,0,0,0,0,0,0,0,0,0,0,0,0,17,17,0,0,0,0,0,0,0,0,0,0,0,0,0,0,0,0.000031,0.000228,"        While iter.%GetNext(.key , .item ) {"
Isc.JSONFiltering.DynObjSearchCriteria.1,120,0,0,0,0,0,0,0,0,0,0,0,0,0,0,0,0,0,0,0,0,0,0,0,0,0,0,0,0,0,0,0,0,0,51,102,0,0,0,0,0,0,0,0,0,0,0,0,0,0,0,0.000183,0.000761,"            Do resultArray.%Push({}.%FromJSON(item.%Doc))"
Isc.JSONFiltering.DynObjSearchCriteria.1,121,0,0,0,0,0,0,0,0,0,0,0,0,0,0,0,0,0,0,0,0,0,0,0,0,0,0,0,0,0,0,0,0,0,51,51,0,0,0,0,0,0,0,0,0,0,0,0,0,0,0,0.000029,0.000029,"        }"
Isc.JSONFiltering.DynObjSearchCriteria.1,122,0,0,0,0,0,0,0,0,0,0,0,0,0,0,0,0,0,0,0,0,0,0,0,0,0,0,0,0,0,0,0,0,0,17,0,0,0,0,0,0,0,0,0,0,0,0,0,0,0,0,0.000032,0.089420,"        Do ..deleteDocDB()"
Isc.JSONFiltering.DynObjSearchCriteria.1,123,0,0,0,0,0,0,0,0,0,0,0,0,0,0,0,0,0,0,0,0,0,0,0,0,0,0,0,0,0,0,0,0,0,17,0,0,0,0,0,0,0,0,0,0,0,0,0,0,0,0,0.000006,0.000006,"    } Catch (ex) {"
Isc.JSONFiltering.DynObjSearchCriteria.1,124,0,0,0,0,0,0,0,0,0,0,0,0,0,0,0,0,0,0,0,0,0,0,0,0,0,0,0,0,0,0,0,0,0,0,0,0,0,0,0,0,0,0,0,0,0,0,0,0,0,0,0,0,"        Try { Do ..deleteDocDB() } Catch (e) {}"
Isc.JSONFiltering.DynObjSearchCriteria.1,125,0,0,0,0,0,0,0,0,0,0,0,0,0,0,0,0,0,0,0,0,0,0,0,0,0,0,0,0,0,0,0,0,0,0,0,0,0,0,0,0,0,0,0,0,0,0,0,0,0,0,0,0,"        Throw ex"
Isc.JSONFiltering.DynObjSearchCriteria.1,126,0,0,0,0,0,0,0,0,0,0,0,0,0,0,0,0,0,0,0,0,0,0,0,0,0,0,0,0,0,0,0,0,0,0,0,0,0,0,0,0,0,0,0,0,0,0,0,0,0,0,0,0,"    }"
Isc.JSONFiltering.DynObjSearchCriteria.1,127,0,0,0,0,0,0,0,0,0,0,0,0,0,0,0,0,0,0,0,0,0,0,0,0,0,0,0,0,0,0,0,0,0,17,0,0,0,0,0,0,0,0,0,0,0,0,0,0,0,0,0.000058,0.000058,"    Return resultArray }"
Isc.JSONFiltering.DynObjSearchCriteria.1,128,0,0,0,0,0,0,0,0,0,0,0,0,0,0,0,0,0,0,0,0,0,0,0,0,0,0,0,0,0,0,0,0,0,0,0,0,0,0,0,0,0,0,0,0,0,0,0,0,0,0,0,0,"zdbGetObject(force=0) public {"
Isc.JSONFiltering.DynObjSearchCriteria.1,129,0,0,0,0,0,0,0,0,0,0,0,0,0,0,0,0,0,0,0,0,0,0,0,0,0,0,0,0,0,0,0,0,0,0,0,0,0,0,0,0,0,0,0,0,0,0,0,0,0,0,0,0," Quit $select(r%db=""""||(i%db'=""""):$select(i%db="""":"""",1:$listbuild(i%db_"""")),(''..db.%GetSwizzleObject(force,.oid)):oid,1:"""") }"
Isc.JSONFiltering.DynObjSearchCriteria.1,130,0,0,0,0,0,0,0,0,0,0,0,0,0,0,0,0,0,0,0,0,0,0,0,0,0,0,0,0,0,0,0,0,0,0,0,0,0,0,0,0,0,0,0,0,0,0,0,0,0,0,0,0,"zdbGetObjectId(force=0) public {"
Isc.JSONFiltering.DynObjSearchCriteria.1,131,0,0,0,0,0,0,0,0,0,0,0,0,0,0,0,0,0,0,0,0,0,0,0,0,0,0,0,0,0,0,0,0,0,0,0,0,0,0,0,0,0,0,0,0,0,0,0,0,0,0,0,0," Quit $listget(..dbGetObject(force)) }"
Isc.JSONFiltering.DynObjSearchCriteria.1,132,0,0,0,0,0,0,0,0,0,0,0,0,0,0,0,0,0,0,0,0,0,0,0,0,0,0,0,0,0,0,0,0,0,0,0,0,0,0,0,0,0,0,0,0,0,0,0,0,0,0,0,0,"zdbGetSwizzled(noswizzle=0) public {"
Isc.JSONFiltering.DynObjSearchCriteria.1,133,0,0,0,0,0,0,0,0,0,0,0,0,0,0,0,0,0,0,0,0,0,0,0,0,0,0,0,0,0,0,0,0,0,0,0,0,0,0,0,0,0,0,0,0,0,0,0,0,0,0,0,0," If noswizzle Quit r%db"
Isc.JSONFiltering.DynObjSearchCriteria.1,134,0,0,0,0,0,0,0,0,0,0,0,0,0,0,0,0,0,0,0,0,0,0,0,0,0,0,0,0,0,0,0,0,0,0,0,0,0,0,0,0,0,0,0,0,0,0,0,0,0,0,0,0," If i%db="""" Quit """""
Isc.JSONFiltering.DynObjSearchCriteria.1,135,0,0,0,0,0,0,0,0,0,0,0,0,0,0,0,0,0,0,0,0,0,0,0,0,0,0,0,0,0,0,0,0,0,0,0,0,0,0,0,0,0,0,0,0,0,0,0,0,0,0,0,0," Set oref=##class(%DocDB.Database).%Open($select(i%db="""":"""",1:$listbuild(i%db_"""")),,.sc) If ('sc) Do:$get(^%SYS(""ThrowSwizzleError""),0) $zutil(96,3,19,1) Quit """""
Isc.JSONFiltering.DynObjSearchCriteria.1,136,0,0,0,0,0,0,0,0,0,0,0,0,0,0,0,0,0,0,0,0,0,0,0,0,0,0,0,0,0,0,0,0,0,0,0,0,0,0,0,0,0,0,0,0,0,0,0,0,0,0,0,0," Set modstate=$system.CLS.GetModifiedBits() Set r%db=oref Do $system.CLS.SetModifiedBits(modstate)"
Isc.JSONFiltering.DynObjSearchCriteria.1,137,0,0,0,0,0,0,0,0,0,0,0,0,0,0,0,0,0,0,0,0,0,0,0,0,0,0,0,0,0,0,0,0,0,0,0,0,0,0,0,0,0,0,0,0,0,0,0,0,0,0,0,0," Quit oref }"
Isc.JSONFiltering.DynObjSearchCriteria.1,138,0,0,0,0,0,0,0,0,0,0,0,0,0,0,0,0,0,0,0,0,0,0,0,0,0,0,0,0,0,0,0,0,0,0,0,0,0,0,0,0,0,0,0,0,0,0,0,0,0,0,0,0,"zdbNewObject() public {"
Isc.JSONFiltering.DynObjSearchCriteria.1,139,0,0,0,0,0,0,0,0,0,0,0,0,0,0,0,0,0,0,0,0,0,0,0,0,0,0,0,0,0,0,0,0,0,0,0,0,0,0,0,0,0,0,0,0,0,0,0,0,0,0,0,0," Set newobject=##class(%DocDB.Database).%New() If newobject="""" Quit """""
Isc.JSONFiltering.DynObjSearchCriteria.1,140,0,0,0,0,0,0,0,0,0,0,0,0,0,0,0,0,0,0,0,0,0,0,0,0,0,0,0,0,0,0,0,0,0,0,0,0,0,0,0,0,0,0,0,0,0,0,0,0,0,0,0,0," Set ..db=newobject"
Isc.JSONFiltering.DynObjSearchCriteria.1,141,0,0,0,0,0,0,0,0,0,0,0,0,0,0,0,0,0,0,0,0,0,0,0,0,0,0,0,0,0,0,0,0,0,0,0,0,0,0,0,0,0,0,0,0,0,0,0,0,0,0,0,0," Quit newobject }"
Isc.JSONFiltering.DynObjSearchCriteria.1,142,0,0,0,0,0,0,0,0,0,0,0,0,0,0,0,0,0,0,0,0,0,0,0,0,0,0,0,0,0,0,0,0,0,0,0,0,0,0,0,0,0,0,0,0,0,0,0,0,0,0,0,0,"zdbSetObject(newvalue) public {"
Isc.JSONFiltering.DynObjSearchCriteria.1,143,0,0,0,0,0,0,0,0,0,0,0,0,0,0,0,0,0,0,0,0,0,0,0,0,0,0,0,0,0,0,0,0,0,0,0,0,0,0,0,0,0,0,0,0,0,0,0,0,0,0,0,0," If newvalue'="""",$data(i%db,tmp),tmp=$listget(newvalue) Quit 1"
Isc.JSONFiltering.DynObjSearchCriteria.1,144,0,0,0,0,0,0,0,0,0,0,0,0,0,0,0,0,0,0,0,0,0,0,0,0,0,0,0,0,0,0,0,0,0,0,0,0,0,0,0,0,0,0,0,0,0,0,0,0,0,0,0,0," Set i%db=$listget(newvalue),r%db=0,r%db="""""
Isc.JSONFiltering.DynObjSearchCriteria.1,145,0,0,0,0,0,0,0,0,0,0,0,0,0,0,0,0,0,0,0,0,0,0,0,0,0,0,0,0,0,0,0,0,0,0,0,0,0,0,0,0,0,0,0,0,0,0,0,0,0,0,0,0," Quit 1 }"
Isc.JSONFiltering.DynObjSearchCriteria.1,146,0,0,0,0,0,0,0,0,0,0,0,0,0,0,0,0,0,0,0,0,0,0,0,0,0,0,0,0,0,0,0,0,0,0,0,0,0,0,0,0,0,0,0,0,0,0,0,0,0,0,0,0,"zdbSetObjectId(newid) public {"
Isc.JSONFiltering.DynObjSearchCriteria.1,147,0,0,0,0,0,0,0,0,0,0,0,0,0,0,0,0,0,0,0,0,0,0,0,0,0,0,0,0,0,0,0,0,0,0,0,0,0,0,0,0,0,0,0,0,0,0,0,0,0,0,0,0," Quit ..dbSetObject($select(newid="""":"""",1:$listbuild(newid_""""))) }"
Isc.JSONFiltering.DynObjSearchCriteria.1,148,0,0,0,0,0,0,0,0,0,0,0,0,0,0,0,0,0,0,0,0,0,0,0,0,0,0,0,0,0,0,0,0,0,0,0,0,0,0,0,0,0,0,0,0,0,0,0,0,0,0,0,0,"zdbUnSwizzle(force=0) public {"
Isc.JSONFiltering.DynObjSearchCriteria.1,149,0,0,0,0,0,0,0,0,0,0,0,0,0,0,0,0,0,0,0,0,0,0,0,0,0,0,0,0,0,0,0,0,0,0,0,0,0,0,0,0,0,0,0,0,0,0,0,0,0,0,0,0," If r%db="""" Quit 1"
Isc.JSONFiltering.DynObjSearchCriteria.1,150,0,0,0,0,0,0,0,0,0,0,0,0,0,0,0,0,0,0,0,0,0,0,0,0,0,0,0,0,0,0,0,0,0,0,0,0,0,0,0,0,0,0,0,0,0,0,0,0,0,0,0,0," Set sc=..db.%GetSwizzleObject(force,.newvalue) Quit:('sc) sc"
Isc.JSONFiltering.DynObjSearchCriteria.1,151,0,0,0,0,0,0,0,0,0,0,0,0,0,0,0,0,0,0,0,0,0,0,0,0,0,0,0,0,0,0,0,0,0,0,0,0,0,0,0,0,0,0,0,0,0,0,0,0,0,0,0,0," Set modstate=$system.CLS.GetModifiedBits() Set r%db="""" Do $system.CLS.SetModifiedBits(modstate)"
Isc.JSONFiltering.DynObjSearchCriteria.1,152,0,0,0,0,0,0,0,0,0,0,0,0,0,0,0,0,0,0,0,0,0,0,0,0,0,0,0,0,0,0,0,0,0,0,0,0,0,0,0,0,0,0,0,0,0,0,0,0,0,0,0,0," Set i%db=$listget(newvalue)"
Isc.JSONFiltering.DynObjSearchCriteria.1,153,0,0,0,0,0,0,0,0,0,0,0,0,0,0,0,0,0,0,0,0,0,0,0,0,0,0,0,0,0,0,0,0,0,0,0,0,0,0,0,0,0,0,0,0,0,0,0,0,0,0,0,0," Quit 1 }"
Isc.JSONFiltering.DynObjSearchCriteria.1,154,0,0,0,0,0,0,0,0,0,0,0,0,0,0,0,0,0,0,0,0,0,0,0,0,0,0,0,0,0,0,0,0,0,0,0,0,0,0,0,0,0,0,0,0,0,0,0,0,0,0,0,0,"zinputJSONGet() public {"
Isc.JSONFiltering.DynObjSearchCriteria.1,155,0,0,0,0,0,0,0,0,0,0,0,0,0,0,0,0,0,0,0,0,0,0,0,0,0,0,0,0,0,0,0,0,0,34,0,0,0,0,0,0,0,0,0,0,0,0,0,0,0,0,0.000055,0.000055," if r%inputJSON'= """" return r%inputJSON"
Isc.JSONFiltering.DynObjSearchCriteria.1,156,0,0,0,0,0,0,0,0,0,0,0,0,0,0,0,0,0,0,0,0,0,0,0,0,0,0,0,0,0,0,0,0,0,0,0,0,0,0,0,0,0,0,0,0,0,0,0,0,0,0,0,0," if i%inputJSON'="""" { set r%inputJSON=##class(%Library.DynamicArray).%SetSerial(i%inputJSON) } else { set r%inputJSON=##class(%Library.DynamicArray).%New() }"
Isc.JSONFiltering.DynObjSearchCriteria.1,157,0,0,0,0,0,0,0,0,0,0,0,0,0,0,0,0,0,0,0,0,0,0,0,0,0,0,0,0,0,0,0,0,0,0,0,0,0,0,0,0,0,0,0,0,0,0,0,0,0,0,0,0," return r%inputJSON }"
Isc.JSONFiltering.DynObjSearchCriteria.1,158,0,0,0,0,0,0,0,0,0,0,0,0,0,0,0,0,0,0,0,0,0,0,0,0,0,0,0,0,0,0,0,0,0,0,0,0,0,0,0,0,0,0,0,0,0,0,0,0,0,0,0,0,"zinputJSONGetObject(force=0) public {"
Isc.JSONFiltering.DynObjSearchCriteria.1,159,0,0,0,0,0,0,0,0,0,0,0,0,0,0,0,0,0,0,0,0,0,0,0,0,0,0,0,0,0,0,0,0,0,0,0,0,0,0,0,0,0,0,0,0,0,0,0,0,0,0,0,0," Quit $select(r%inputJSON="""":$select(i%inputJSON="""":"""",1:$listbuild(i%inputJSON_"""")),(''..inputJSON.%GetSwizzleObject(force,.oid)):oid,1:"""") }"
Isc.JSONFiltering.DynObjSearchCriteria.1,160,0,0,0,0,0,0,0,0,0,0,0,0,0,0,0,0,0,0,0,0,0,0,0,0,0,0,0,0,0,0,0,0,0,0,0,0,0,0,0,0,0,0,0,0,0,0,0,0,0,0,0,0,"zinputJSONGetObjectId(force=0) public {"
Isc.JSONFiltering.DynObjSearchCriteria.1,161,0,0,0,0,0,0,0,0,0,0,0,0,0,0,0,0,0,0,0,0,0,0,0,0,0,0,0,0,0,0,0,0,0,0,0,0,0,0,0,0,0,0,0,0,0,0,0,0,0,0,0,0," Quit $listget(..inputJSONGetObject(force)) }"
Isc.JSONFiltering.DynObjSearchCriteria.1,162,0,0,0,0,0,0,0,0,0,0,0,0,0,0,0,0,0,0,0,0,0,0,0,0,0,0,0,0,0,0,0,0,0,0,0,0,0,0,0,0,0,0,0,0,0,0,0,0,0,0,0,0,"zinputJSONGetSwizzled(noswizzle=0) public {"
Isc.JSONFiltering.DynObjSearchCriteria.1,163,0,0,0,0,0,0,0,0,0,0,0,0,0,0,0,0,0,0,0,0,0,0,0,0,0,0,0,0,0,0,0,0,0,0,0,0,0,0,0,0,0,0,0,0,0,0,0,0,0,0,0,0," Quit r%inputJSON }"
Isc.JSONFiltering.DynObjSearchCriteria.1,164,0,0,0,0,0,0,0,0,0,0,0,0,0,0,0,0,0,0,0,0,0,0,0,0,0,0,0,0,0,0,0,0,0,0,0,0,0,0,0,0,0,0,0,0,0,0,0,0,0,0,0,0,"zinputJSONNewObject() public {"
Isc.JSONFiltering.DynObjSearchCriteria.1,165,0,0,0,0,0,0,0,0,0,0,0,0,0,0,0,0,0,0,0,0,0,0,0,0,0,0,0,0,0,0,0,0,0,0,0,0,0,0,0,0,0,0,0,0,0,0,0,0,0,0,0,0," Set newobject=##class(%Library.DynamicArray).%New() If newobject="""" Quit """""
Isc.JSONFiltering.DynObjSearchCriteria.1,166,0,0,0,0,0,0,0,0,0,0,0,0,0,0,0,0,0,0,0,0,0,0,0,0,0,0,0,0,0,0,0,0,0,0,0,0,0,0,0,0,0,0,0,0,0,0,0,0,0,0,0,0," Set ..inputJSON=newobject"
Isc.JSONFiltering.DynObjSearchCriteria.1,167,0,0,0,0,0,0,0,0,0,0,0,0,0,0,0,0,0,0,0,0,0,0,0,0,0,0,0,0,0,0,0,0,0,0,0,0,0,0,0,0,0,0,0,0,0,0,0,0,0,0,0,0," Quit newobject }"
Isc.JSONFiltering.DynObjSearchCriteria.1,168,0,0,0,0,0,0,0,0,0,0,0,0,0,0,0,0,0,0,0,0,0,0,0,0,0,0,0,0,0,0,0,0,0,0,0,0,0,0,0,0,0,0,0,0,0,0,0,0,0,0,0,0,"zinputJSONSetObject(newvalue) public {"
Isc.JSONFiltering.DynObjSearchCriteria.1,169,0,0,0,0,0,0,0,0,0,0,0,0,0,0,0,0,0,0,0,0,0,0,0,0,0,0,0,0,0,0,0,0,0,0,0,0,0,0,0,0,0,0,0,0,0,0,0,0,0,0,0,0," If newvalue'="""",$data(i%inputJSON,tmp),tmp=$listget(newvalue) Quit 1"
Isc.JSONFiltering.DynObjSearchCriteria.1,170,0,0,0,0,0,0,0,0,0,0,0,0,0,0,0,0,0,0,0,0,0,0,0,0,0,0,0,0,0,0,0,0,0,0,0,0,0,0,0,0,0,0,0,0,0,0,0,0,0,0,0,0," Set i%inputJSON=$listget(newvalue),r%inputJSON=0,r%inputJSON="""""
Isc.JSONFiltering.DynObjSearchCriteria.1,171,0,0,0,0,0,0,0,0,0,0,0,0,0,0,0,0,0,0,0,0,0,0,0,0,0,0,0,0,0,0,0,0,0,0,0,0,0,0,0,0,0,0,0,0,0,0,0,0,0,0,0,0," Quit 1 }"
Isc.JSONFiltering.DynObjSearchCriteria.1,172,0,0,0,0,0,0,0,0,0,0,0,0,0,0,0,0,0,0,0,0,0,0,0,0,0,0,0,0,0,0,0,0,0,0,0,0,0,0,0,0,0,0,0,0,0,0,0,0,0,0,0,0,"zinputJSONSetObjectId(newid) public {"
Isc.JSONFiltering.DynObjSearchCriteria.1,173,0,0,0,0,0,0,0,0,0,0,0,0,0,0,0,0,0,0,0,0,0,0,0,0,0,0,0,0,0,0,0,0,0,0,0,0,0,0,0,0,0,0,0,0,0,0,0,0,0,0,0,0," Quit ..inputJSONSetObject($select(newid="""":"""",1:$listbuild(newid_""""))) }"
Isc.JSONFiltering.DynObjSearchCriteria.1,174,0,0,0,0,0,0,0,0,0,0,0,0,0,0,0,0,0,0,0,0,0,0,0,0,0,0,0,0,0,0,0,0,0,0,0,0,0,0,0,0,0,0,0,0,0,0,0,0,0,0,0,0,"zinputJSONUnSwizzle(force=0) public {"
Isc.JSONFiltering.DynObjSearchCriteria.1,175,0,0,0,0,0,0,0,0,0,0,0,0,0,0,0,0,0,0,0,0,0,0,0,0,0,0,0,0,0,0,0,0,0,0,0,0,0,0,0,0,0,0,0,0,0,0,0,0,0,0,0,0," If r%inputJSON="""" Quit 1"
Isc.JSONFiltering.DynObjSearchCriteria.1,176,0,0,0,0,0,0,0,0,0,0,0,0,0,0,0,0,0,0,0,0,0,0,0,0,0,0,0,0,0,0,0,0,0,0,0,0,0,0,0,0,0,0,0,0,0,0,0,0,0,0,0,0," Set sc=..inputJSON.%GetSwizzleObject(force,.newvalue) Quit:('sc) sc"
Isc.JSONFiltering.DynObjSearchCriteria.1,177,0,0,0,0,0,0,0,0,0,0,0,0,0,0,0,0,0,0,0,0,0,0,0,0,0,0,0,0,0,0,0,0,0,0,0,0,0,0,0,0,0,0,0,0,0,0,0,0,0,0,0,0," Set modstate=$system.CLS.GetModifiedBits() Set r%inputJSON="""" Do $system.CLS.SetModifiedBits(modstate)"
Isc.JSONFiltering.DynObjSearchCriteria.1,178,0,0,0,0,0,0,0,0,0,0,0,0,0,0,0,0,0,0,0,0,0,0,0,0,0,0,0,0,0,0,0,0,0,0,0,0,0,0,0,0,0,0,0,0,0,0,0,0,0,0,0,0," Set i%inputJSON=$listget(newvalue)"
Isc.JSONFiltering.DynObjSearchCriteria.1,179,0,0,0,0,0,0,0,0,0,0,0,0,0,0,0,0,0,0,0,0,0,0,0,0,0,0,0,0,0,0,0,0,0,0,0,0,0,0,0,0,0,0,0,0,0,0,0,0,0,0,0,0," Quit 1 }"
Isc.JSONFiltering.DynObjSearchCriteria.1,180,0,0,0,0,0,0,0,0,0,0,0,0,0,0,0,0,0,0,0,0,0,0,0,0,0,0,0,0,0,0,0,0,0,0,0,0,0,0,0,0,0,0,0,0,0,0,0,0,0,0,0,0,"zsearchCriteriaGet() public {"
Isc.JSONFiltering.DynObjSearchCriteria.1,181,0,0,0,0,0,0,0,0,0,0,0,0,0,0,0,0,0,0,0,0,0,0,0,0,0,0,0,0,0,0,0,0,0,34,0,0,0,0,0,0,0,0,0,0,0,0,0,0,0,0,0.000063,0.000063," if r%searchCriteria'= """" return r%searchCriteria"
Isc.JSONFiltering.DynObjSearchCriteria.1,182,0,0,0,0,0,0,0,0,0,0,0,0,0,0,0,0,0,0,0,0,0,0,0,0,0,0,0,0,0,0,0,0,0,0,0,0,0,0,0,0,0,0,0,0,0,0,0,0,0,0,0,0," if i%searchCriteria'="""" { set r%searchCriteria=##class(%Library.DynamicArray).%SetSerial(i%searchCriteria) } else { set r%searchCriteria=##class(%Library.DynamicArray).%New() }"
Isc.JSONFiltering.DynObjSearchCriteria.1,183,0,0,0,0,0,0,0,0,0,0,0,0,0,0,0,0,0,0,0,0,0,0,0,0,0,0,0,0,0,0,0,0,0,0,0,0,0,0,0,0,0,0,0,0,0,0,0,0,0,0,0,0," return r%searchCriteria }"
Isc.JSONFiltering.DynObjSearchCriteria.1,184,0,0,0,0,0,0,0,0,0,0,0,0,0,0,0,0,0,0,0,0,0,0,0,0,0,0,0,0,0,0,0,0,0,0,0,0,0,0,0,0,0,0,0,0,0,0,0,0,0,0,0,0,"zsearchCriteriaGetObject(force=0) public {"
Isc.JSONFiltering.DynObjSearchCriteria.1,185,0,0,0,0,0,0,0,0,0,0,0,0,0,0,0,0,0,0,0,0,0,0,0,0,0,0,0,0,0,0,0,0,0,0,0,0,0,0,0,0,0,0,0,0,0,0,0,0,0,0,0,0," Quit $select(r%searchCriteria="""":$select(i%searchCriteria="""":"""",1:$listbuild(i%searchCriteria_"""")),(''..searchCriteria.%GetSwizzleObject(force,.oid)):oid,1:"""") }"
Isc.JSONFiltering.DynObjSearchCriteria.1,186,0,0,0,0,0,0,0,0,0,0,0,0,0,0,0,0,0,0,0,0,0,0,0,0,0,0,0,0,0,0,0,0,0,0,0,0,0,0,0,0,0,0,0,0,0,0,0,0,0,0,0,0,"zsearchCriteriaGetObjectId(force=0) public {"
Isc.JSONFiltering.DynObjSearchCriteria.1,187,0,0,0,0,0,0,0,0,0,0,0,0,0,0,0,0,0,0,0,0,0,0,0,0,0,0,0,0,0,0,0,0,0,0,0,0,0,0,0,0,0,0,0,0,0,0,0,0,0,0,0,0," Quit $listget(..searchCriteriaGetObject(force)) }"
Isc.JSONFiltering.DynObjSearchCriteria.1,188,0,0,0,0,0,0,0,0,0,0,0,0,0,0,0,0,0,0,0,0,0,0,0,0,0,0,0,0,0,0,0,0,0,0,0,0,0,0,0,0,0,0,0,0,0,0,0,0,0,0,0,0,"zsearchCriteriaGetSwizzled(noswizzle=0) public {"
Isc.JSONFiltering.DynObjSearchCriteria.1,189,0,0,0,0,0,0,0,0,0,0,0,0,0,0,0,0,0,0,0,0,0,0,0,0,0,0,0,0,0,0,0,0,0,0,0,0,0,0,0,0,0,0,0,0,0,0,0,0,0,0,0,0," Quit r%searchCriteria }"
Isc.JSONFiltering.DynObjSearchCriteria.1,190,0,0,0,0,0,0,0,0,0,0,0,0,0,0,0,0,0,0,0,0,0,0,0,0,0,0,0,0,0,0,0,0,0,0,0,0,0,0,0,0,0,0,0,0,0,0,0,0,0,0,0,0,"zsearchCriteriaNewObject() public {"
Isc.JSONFiltering.DynObjSearchCriteria.1,191,0,0,0,0,0,0,0,0,0,0,0,0,0,0,0,0,0,0,0,0,0,0,0,0,0,0,0,0,0,0,0,0,0,0,0,0,0,0,0,0,0,0,0,0,0,0,0,0,0,0,0,0," Set newobject=##class(%Library.DynamicArray).%New() If newobject="""" Quit """""
Isc.JSONFiltering.DynObjSearchCriteria.1,192,0,0,0,0,0,0,0,0,0,0,0,0,0,0,0,0,0,0,0,0,0,0,0,0,0,0,0,0,0,0,0,0,0,0,0,0,0,0,0,0,0,0,0,0,0,0,0,0,0,0,0,0," Set ..searchCriteria=newobject"
Isc.JSONFiltering.DynObjSearchCriteria.1,193,0,0,0,0,0,0,0,0,0,0,0,0,0,0,0,0,0,0,0,0,0,0,0,0,0,0,0,0,0,0,0,0,0,0,0,0,0,0,0,0,0,0,0,0,0,0,0,0,0,0,0,0," Quit newobject }"
Isc.JSONFiltering.DynObjSearchCriteria.1,194,0,0,0,0,0,0,0,0,0,0,0,0,0,0,0,0,0,0,0,0,0,0,0,0,0,0,0,0,0,0,0,0,0,0,0,0,0,0,0,0,0,0,0,0,0,0,0,0,0,0,0,0,"zsearchCriteriaSetObject(newvalue) public {"
Isc.JSONFiltering.DynObjSearchCriteria.1,195,0,0,0,0,0,0,0,0,0,0,0,0,0,0,0,0,0,0,0,0,0,0,0,0,0,0,0,0,0,0,0,0,0,0,0,0,0,0,0,0,0,0,0,0,0,0,0,0,0,0,0,0," If newvalue'="""",$data(i%searchCriteria,tmp),tmp=$listget(newvalue) Quit 1"
Isc.JSONFiltering.DynObjSearchCriteria.1,196,0,0,0,0,0,0,0,0,0,0,0,0,0,0,0,0,0,0,0,0,0,0,0,0,0,0,0,0,0,0,0,0,0,0,0,0,0,0,0,0,0,0,0,0,0,0,0,0,0,0,0,0," Set i%searchCriteria=$listget(newvalue),r%searchCriteria=0,r%searchCriteria="""""
Isc.JSONFiltering.DynObjSearchCriteria.1,197,0,0,0,0,0,0,0,0,0,0,0,0,0,0,0,0,0,0,0,0,0,0,0,0,0,0,0,0,0,0,0,0,0,0,0,0,0,0,0,0,0,0,0,0,0,0,0,0,0,0,0,0," Quit 1 }"
Isc.JSONFiltering.DynObjSearchCriteria.1,198,0,0,0,0,0,0,0,0,0,0,0,0,0,0,0,0,0,0,0,0,0,0,0,0,0,0,0,0,0,0,0,0,0,0,0,0,0,0,0,0,0,0,0,0,0,0,0,0,0,0,0,0,"zsearchCriteriaSetObjectId(newid) public {"
Isc.JSONFiltering.DynObjSearchCriteria.1,199,0,0,0,0,0,0,0,0,0,0,0,0,0,0,0,0,0,0,0,0,0,0,0,0,0,0,0,0,0,0,0,0,0,0,0,0,0,0,0,0,0,0,0,0,0,0,0,0,0,0,0,0," Quit ..searchCriteriaSetObject($select(newid="""":"""",1:$listbuild(newid_""""))) }"
Isc.JSONFiltering.DynObjSearchCriteria.1,200,0,0,0,0,0,0,0,0,0,0,0,0,0,0,0,0,0,0,0,0,0,0,0,0,0,0,0,0,0,0,0,0,0,0,0,0,0,0,0,0,0,0,0,0,0,0,0,0,0,0,0,0,"zsearchCriteriaUnSwizzle(force=0) public {"
Isc.JSONFiltering.DynObjSearchCriteria.1,201,0,0,0,0,0,0,0,0,0,0,0,0,0,0,0,0,0,0,0,0,0,0,0,0,0,0,0,0,0,0,0,0,0,0,0,0,0,0,0,0,0,0,0,0,0,0,0,0,0,0,0,0," If r%searchCriteria="""" Quit 1"
Isc.JSONFiltering.DynObjSearchCriteria.1,202,0,0,0,0,0,0,0,0,0,0,0,0,0,0,0,0,0,0,0,0,0,0,0,0,0,0,0,0,0,0,0,0,0,0,0,0,0,0,0,0,0,0,0,0,0,0,0,0,0,0,0,0," Set sc=..searchCriteria.%GetSwizzleObject(force,.newvalue) Quit:('sc) sc"
Isc.JSONFiltering.DynObjSearchCriteria.1,203,0,0,0,0,0,0,0,0,0,0,0,0,0,0,0,0,0,0,0,0,0,0,0,0,0,0,0,0,0,0,0,0,0,0,0,0,0,0,0,0,0,0,0,0,0,0,0,0,0,0,0,0," Set modstate=$system.CLS.GetModifiedBits() Set r%searchCriteria="""" Do $system.CLS.SetModifiedBits(modstate)"
Isc.JSONFiltering.DynObjSearchCriteria.1,204,0,0,0,0,0,0,0,0,0,0,0,0,0,0,0,0,0,0,0,0,0,0,0,0,0,0,0,0,0,0,0,0,0,0,0,0,0,0,0,0,0,0,0,0,0,0,0,0,0,0,0,0," Set i%searchCriteria=$listget(newvalue)"
Isc.JSONFiltering.DynObjSearchCriteria.1,205,0,0,0,0,0,0,0,0,0,0,0,0,0,0,0,0,0,0,0,0,0,0,0,0,0,0,0,0,0,0,0,0,0,0,0,0,0,0,0,0,0,0,0,0,0,0,0,0,0,0,0,0," Quit 1 }"
Totals for Isc.JSONFiltering.DynObjSearchCriteria.1,,461,17,0,0,0,0,0,0,0,0,0,0,0,3,0,0,0,51,0,85,463,0,0,0,17,0,0,0,0,0,0,0,0,1326,884,0,0,0,0,0,0,0,0,0,0,0,0,0,0,0,0.004853,NA,
